Workbook

Sheet Dynamic Spine Calculator
C3: Arrow Inputs | I3: Fletching Type or Weight (grains) | L3: Arrow Outputs
C4: Arrow Shaft Size | D4: BOP Length (inches) | E4: Point Weight (grains) | F4: Insert Weight | G4: Footing (Y/N) | H4: Nock End Weight (grains) | J4: Dynamic Spine (pounds) | L4: Total Weight (grains) | M4: Specific Weight (GPP) | N4: F.O.C. (%) | O4: Speed (FPS) | P4: Energy (ft-lbs)
C5: 1916 | D5: 30 | E5: 90 | F5: 16 | G5: No | H5: 15.5 | I5: Other | J5: =P21+(P21*9.5-L5)*2.5%+(VLOOKUP(C5,C23:I200,7)-11/32)*30 -> 54.040928 | L5: =(VLOOKUP(C5,C23:H200,6))*D5+E5+F5+VLOOKUP(I5,P23:R34,3)+H5+IF(G5="Yes",G7,0) -> 440.83448 | M5: =L5/(D13+(F13-E13)*(3+LOG(D13/(100-D13))*3)) -> 11.600907 | N5: =(D5/2-M21)/D5*100 -> 8.5349494 | O5: =200/(LOG(L5/(VLOOKUP(C13,C203:D307,2)*(D13+(F13-E13)*(3+LOG(D13/(100-D13))*3))*(VLOOKUP(H13,P51:R57,3)-0.05)),10))-20 -> 168.95483 | P5: =(L5/451080)*(O5*O5) -> 27.897368
C6: 0 | D6: ← AMO Static Spine ( 2# @ 26" ) | G6: 0 | H6: - Length (in.) | I6: 18.3
C7: 0 | D7: ← Shaft Grains per Inch (GPI) | G7: 0 | H7: - Weight (gr.) | I7: If "Other" then enter total here
C8: 0 | D8: ← Shaft Diameter (inches) (X.XX or fractional equivalent)
C10: Bow Inputs | G10: Center Cut Strike Plate Position (inches) | I10: Arrow Dynamic Spine Req. (pounds)
C11: Bow Type | D11: Rated Weight (pounds) | E11: Rated Draw (inches) | F11: Your Draw (inches) | H11: String Material Type
C13: *Generic Recurve | D13: 38 | E13: 28 | F13: 28 | G13: -0.0625 | H13: FastFlight 16 strand | I13: =VLOOKUP(C13,C203:F307,2)*(D13+(F13-E13)*(3+(LOG((D13/(241-D13)+2.4),1.138)-7.59)*3))*VLOOKUP(H13,P51:R57,3)*(1+(0.015*P13))+VLOOKUP(M22,S23:T113,2) -> 50.508 | L13: Personal Form Factor | P13: 0
C14: For specific bow models, enter strike plate thickness → (X.XX or fractional equivalent) . | G14: 0.06 | H14: (inches)
B17: Static Spine Converter | D17: Deflection (inches) | F17: AMO Static Spine (#)
B18: AMO/AMA (2# @ 26") = | D18: 0 | F18: =26/D18 -> #DIV/0!
B19: ASTM (1.94# @ 28") = | D19: 0 | F19: =26/(D19*0.825) -> #DIV/0!
C21: Arrow Data | K21: Distance from BOP to balance point (A) | M21: =((VLOOKUP(C5,C23:I200,6)*D5*D5)/2+VLOOKUP(I5,P23:R34,3)*(D5-2.5)+D5*H5)/(E5+F5+IF(G5="Yes",G7,0)+(VLOOKUP(C5,C23:I200,6)*D5)+VLOOKUP(I5,P23:R34,3)+H5) -> 12.439515 | N21: Dynamic Spine w/o mass & diameter compensation | P21: =26/(VLOOKUP(C5,C23:H200,3)*(1+(D5-29-(IF(C5="Wood Shaft",-0.9,0))-(IF(G5="Yes",G6,0)))/29*2.8)*(1+((E5+F5+(IF(G5="Yes",G7,0))+(IF(G5="Yes",(G6*(VLOOKUP(C5,C23:H200,6))),0))-125-VLOOKUP(I5,P23:R34,3)+10-H5)/125*0.4))) -> 53.711547 | S21: Weight in Grams | T21: =L5/15.432 -> 28.566257
C22: Size (XX75 or XX78) | D22: Deflection @ 28" w/1.94# | E22: Deflection @ 26" w/2.0# | F22: Static Spine | G22: Weight @ 29" | H22: GPI | I22: Shaft Diameter | L22: Strike plate position | M22: =VLOOKUP(C13,C203:F307,4) -> -0.0625 | N22: Spine compensation for diameter | P22: =(VLOOKUP(C5,C23:I200,7)-11/32)*30 -> -1.40625
C23: 1416 | D23: 1.68 | E23: =D23*0.825 -> 1.386 | F23: =26/E23 -> 18.759019 | G23: 207 | H23: =G23/29 -> 7.137931 | I23: =14/64 -> 0.21875 | P23: 2 x 3" Feathers | R23: =1.6*2 -> 3.2 | S23: -0.1875 | T23: 18
C24: 1516 | D24: 1.4 | E24: =D24*0.825 -> 1.155 | F24: =26/E24 -> 22.510823 | G24: 211 | H24: =G24/29 -> 7.2758621 | I24: =15/64 -> 0.234375 | P24: 2 x 4" Feathers | R24: =2.3*2 -> 4.6 | S24: =S23+(S25-S23)/2 -> -0.17625 | T24: 17.5
C25: 1616 | D25: 1.07 | E25: =D25*0.825 -> 0.88275 | F25: =26/E25 -> 29.453413 | G25: 242 | H25: =G25/29 -> 8.3448276 | I25: =16/64 -> 0.25 | P25: 2 x 5" Feathers | R25: =3.2*2 -> 6.4 | S25: -0.165 | T25: 17
C26: 1713 | D26: 1.03 | E26: =D26*0.825 -> 0.84975 | F26: =26/E26 -> 30.597234 | G26: 216 | H26: =G26/29 -> 7.4482759 | I26: =17/64 -> 0.265625 | P26: 3 x 3" Feathers | R26: =1.6*3 -> 4.8 | S26: =S25+(S27-S25)/2 -> -0.155 | T26: 16.5
C27: 1716 | D27: 0.88 | E27: =D27*0.825 -> 0.726 | F27: =26/E27 -> 35.812672 | G27: 262 | H27: =G27/29 -> 9.0344828 | I27: =17/64 -> 0.265625 | P27: 3 x 4" Feathers | R27: =2.3*3 -> 6.9 | S27: -0.145 | T27: 16
C28: 1813 | D28: 0.86 | E28: =D28*0.825 -> 0.7095 | F28: =26/E28 -> 36.645525 | G28: 227 | H28: =G28/29 -> 7.8275862 | I28: =18/64 -> 0.28125 | P28: 3 x 5" Feathers | R28: =3.2*3 -> 9.6 | S28: =S27+(S29-S27)/2 -> -0.135 | T28: 15.5
C29: 1816 | D29: 0.75 | E29: =D29*0.825 -> 0.61875 | F29: =26/E29 -> 42.020202 | G29: 268 | H29: =G29/29 -> 9.2413793 | I29: =18/64 -> 0.28125 | P29: 4 x 3" Feathers | R29: =1.6*4 -> 6.4 | S29: -0.125 | T29: 15
C30: 1820 | D30: 0.609 | E30: =D30*0.825 -> 0.502425 | F30: =26/E30 -> 51.749017 | G30: =29*H30 -> 353.8 | H30: 12.2 | I30: =9/32 -> 0.28125 | P30: 4 x 4" Feathers | R30: =2.3*4 -> 9.2 | S30: =S29+(S31-S29)/2 -> -0.1188 | T30: 14.5
C31: 1913 | D31: 0.725 | E31: =D31*0.825 -> 0.598125 | F31: =26/E31 -> 43.469175 | G31: 241 | H31: =G31/29 -> 8.3103448 | I31: =19/64 -> 0.296875 | P31: 4 x 5" Feathers | R31: =3.2*4 -> 12.8 | S31: -0.1126 | T31: 14
C32: 1914 | D32: 0.657 | E32: =D32*0.825 -> 0.542025 | F32: =26/E32 -> 47.968267 | G32: 268 | H32: =G32/29 -> 9.2413793 | I32: =19/64 -> 0.296875 | P32: Bare Shaft | R32: 0 | S32: =S31+(S33-S31)/2 -> -0.1067 | T32: 13.5
C33: 1916 | D33: 0.62 | E33: =D33*0.825 -> 0.5115 | F33: =26/E33 -> 50.83089 | G33: 291 | H33: =G33/29 -> 10.034483 | I33: =19/64 -> 0.296875 | P33: Generic Vanes | R33: 32 | S33: -0.1008 | T33: 13
C34: 1918 | D34: 0.55 | E34: =D34*0.825 -> 0.45375 | F34: =26/E34 -> 57.300275 | G34: =29*H34 -> 348 | H34: 12 | I34: 0.297 | P34: Other | R34: =I6 -> 18.3 | S34: =S33+(S35-S33)/2 -> -0.0945 | T34: 12.5
C35: 2013 | D35: 0.6 | E35: =D35*0.825 -> 0.495 | F35: =26/E35 -> 52.525253 | G35: 262 | H35: =G35/29 -> 9.0344828 | I35: =20/64 -> 0.3125 | P35: -0.1875 | R35: 18 | S35: -0.0882 | T35: 12
C36: 2016 | D36: 0.53 | E36: =D36*0.825 -> 0.43725 | F36: =26/E36 -> 59.46255 | G36: 305 | H36: =G36/29 -> 10.517241 | I36: =20/64 -> 0.3125 | P36: -0.125 | R36: 15 | S36: =S35+(S37-S35)/2 -> -0.0819 | T36: 11.5
C37: 2018 | D37: 0.465 | E37: =D37*0.825 -> 0.383625 | F37: =26/E37 -> 67.774519 | G37: 357 | H37: =G37/29 -> 12.310345 | I37: =20/64 -> 0.3125 | P37: -0.0625 | R37: 10 | S37: -0.0756 | T37: 11
C38: 2020 | D38: 0.426 | E38: =D38*0.825 -> 0.35145 | F38: =26/E38 -> 73.979229 | G38: 392 | H38: =G38/29 -> 13.517241 | I38: =20/64 -> 0.3125 | P38: 0 | R38: 5 | S38: =S37+(S39-S37)/2 -> -0.06905 | T38: 10.5
C39: 2113 | D39: 0.53 | E39: =D39*0.825 -> 0.43725 | F39: =26/E39 -> 59.46255 | G39: 270 | H39: =G39/29 -> 9.3103448 | I39: =21/64 -> 0.328125 | P39: 0.0625 | R39: 2 | S39: -0.0625 | T39: 10
C40: 2114 | D40: 0.5 | E40: =D40*0.825 -> 0.4125 | F40: =26/E40 -> 63.030303 | G40: 285 | H40: =G40/29 -> 9.8275862 | I40: =21/64 -> 0.328125 | P40: 0.125 | R40: -2 | S40: =S39+(S41-S39)/2 -> -0.05645 | T40: 9.5
C41: 2115 | D41: 0.46 | E41: =D41*0.825 -> 0.3795 | F41: =26/E41 -> 68.511199 | G41: 313 | H41: =G41/29 -> 10.793103 | I41: =21/64 -> 0.328125 | P41: 0.1875 | R41: -5 | S41: -0.0504 | T41: 9
C42: 2117 | D42: 0.402 | E42: =D42*0.825 -> 0.33165 | F42: =26/E42 -> 78.395899 | G42: 347 | H42: =G42/29 -> 11.965517 | I42: =21/64 -> 0.328125 | P42: 0.25 | R42: -10 | S42: =S41+(S43-S41)/2 -> -0.0441 | T42: 8.5
C43: 2213 | D43: 0.46 | E43: =D43*0.825 -> 0.3795 | F43: =26/E43 -> 68.511199 | G43: 284 | H43: =G43/29 -> 9.7931034 | I43: =22/64 -> 0.34375 | P43: =5/16 -> 0.3125 | R43: -12 | S43: -0.0378 | T43: 8
C44: 2215 | D44: 0.413 | E44: =D44*0.825 -> 0.340725 | F44: =26/E44 -> 76.307873 | G44: 312 | H44: =G44/29 -> 10.758621 | I44: =22/64 -> 0.34375 | P44: 0.375 | R44: -14 | S44: =S43+(S45-S43)/2 -> -0.0315 | T44: 7.5
C45: 2216 | D45: 0.374 | E45: =D45*0.825 -> 0.30855 | F45: =26/E45 -> 84.265111 | G45: 348 | H45: =G45/29 -> 12 | I45: =22/64 -> 0.34375 | P45: =7/16 -> 0.4375 | R45: -16 | S45: -0.0252 | T45: 7
C46: 2219 | D46: 0.336 | E46: =D46*0.825 -> 0.2772 | F46: =26/E46 -> 93.795094 | G46: 398 | H46: =G46/29 -> 13.724138 | I46: =22/64 -> 0.34375 | P46: 0.5 | R46: -18 | S46: =S45+(S47-S45)/2 -> -0.0189 | T46: 6.5
C47: 2312 | D47: 0.425 | E47: =D47*0.825 -> 0.350625 | F47: =26/E47 -> 74.153298 | G47: 277 | H47: =G47/29 -> 9.5517241 | I47: =23/64 -> 0.359375 | P47: =9/16 -> 0.5625 | R47: -20 | S47: -0.0126 | T47: 6
C48: 2314 | D48: 0.387 | E48: =D48*0.825 -> 0.319275 | F48: =26/E48 -> 81.4345 | G48: 307 | H48: =G48/29 -> 10.586207 | I48: =23/64 -> 0.359375 | P48: 0.625 | R48: -21 | S48: =S47+(S49-S47)/2 -> -0.0063 | T48: 5.5
C49: 2315 | D49: 0.338 | E49: =D49*0.825 -> 0.27885 | F49: =26/E49 -> 93.240093 | G49: 338 | H49: =G49/29 -> 11.655172 | I49: =23/64 -> 0.359375 | P49: 0.75 | R49: -24 | S49: 0 | T49: 5
C50: 2317 | D50: 0.295 | E50: =D50*0.825 -> 0.243375 | F50: =26/E50 -> 106.83102 | G50: 385 | H50: =G50/29 -> 13.275862 | I50: =23/64 -> 0.359375 | P50: =7/8 -> 0.875 | R50: -27 | S50: =S49+(S51-S49)/2 -> 0.0105 | T50: 4.5
C51: 2413 | D51: 0.362 | E51: =D51*0.825 -> 0.29865 | F51: =26/E51 -> 87.05843 | G51: 302 | H51: =G51/29 -> 10.413793 | I51: =24/64 -> 0.375 | P51: B50 | R51: 1 | S51: 0.021 | T51: 4
C52: 2419 | D52: 0.264 | E52: =D52*0.825 -> 0.2178 | F52: =26/E52 -> 119.37557 | G52: 422 | H52: =G52/29 -> 14.551724 | I52: =24/64 -> 0.375 | P52: FastFlight 06 strand | R52: 1.15 | S52: =S51+(S53-S51)/2 -> 0.0315 | T52: 3.5
C53: 2514 | D53: 0.302 | E53: =D53*0.825 -> 0.24915 | F53: =26/E53 -> 104.35481 | G53: 328 | H53: =G53/29 -> 11.310345 | I53: =25/64 -> 0.390625 | P53: FastFlight 08 strand | R53: 1.125 | S53: 0.042 | T53: 3
C54: 2613 | D54: 0.288 | E54: =D54*0.825 -> 0.2376 | F54: =26/E54 -> 109.42761 | G54: 340 | H54: =G54/29 -> 11.724138 | I54: =26/64 -> 0.40625 | P54: FastFlight 10 strand | R54: 1.1 | S54: =S53+(S55-S53)/2 -> 0.05225 | T54: 2.5
C55: 1512 X7 | D55: 1.56 | E55: =D55*0.825 -> 1.287 | F55: =26/E55 -> 20.20202 | G55: 170 | H55: =G55/29 -> 5.862069 | I55: =15/64 -> 0.234375 | P55: FastFlight 12 strand | R55: 1.075 | S55: 0.0625 | T55: 2
C56: 1514 X7 | D56: 1.4 | E56: =D56*0.825 -> 1.155 | F56: =26/E56 -> 22.510823 | G56: 198 | H56: =G56/29 -> 6.8275862 | I56: =15/64 -> 0.234375 | P56: FastFlight 14 strand | R56: 1.05 | S56: =S55+(S57-S55)/2 -> 0.070625 | T56: 1.5
C57: 1612 X7 | D57: 1.285 | E57: =D57*0.825 -> 1.060125 | F57: =26/E57 -> 24.52541 | G57: 182 | H57: =G57/29 -> 6.2758621 | I57: =16/64 -> 0.25 | P57: FastFlight 16 strand | R57: 1.025 | S57: 0.07875 | T57: 1
C58: 1614 X7 | D58: 1.15 | E58: =D58*0.825 -> 0.94875 | F58: =26/E58 -> 27.40448 | G58: 224 | H58: =G58/29 -> 7.7241379 | I58: =16/64 -> 0.25 | P58: Deflex/Reflex Longbow | R58: 1 | S58: =S57+(S59-S57)/2 -> 0.086625 | T58: 0.5
C59: 1712 X7 | D59: 1.095 | E59: =D59*0.825 -> 0.903375 | F59: =26/E59 -> 28.78096 | G59: 194 | H59: =G59/29 -> 6.6896552 | I59: =17/64 -> 0.265625 | P59: Performance Recurve / Horsebow | R59: 1.07 | S59: 0.0945 | T59: 0
C60: 1714 X7 | D60: 0.97 | E60: =D60*0.825 -> 0.80025 | F60: =26/E60 -> 32.489847 | G60: 235 | H60: =G60/29 -> 8.1034483 | I60: =17/64 -> 0.265625 | P60: Recurve | R60: 1.04 | S60: =S59+(S61-S59)/2 -> 0.1025 | T60: -0.5
C61: 1812 X7 | D61: 0.88 | E61: =D61*0.825 -> 0.726 | F61: =26/E61 -> 35.812672 | G61: 212 | H61: =G61/29 -> 7.3103448 | I61: =18/64 -> 0.28125 | P61: Self/Longbow | R61: 0.97 | S61: 0.1105 | T61: -1
C62: 1814 X7 | D62: 0.8 | E62: =D62*0.825 -> 0.66 | F62: =26/E62 -> 39.393939 | G62: 248 | H62: =G62/29 -> 8.5517241 | I62: =18/64 -> 0.28125 | P62: Yes | S62: =S61+(S63-S61)/2 -> 0.11775 | T62: -1.5
C63: 1912 X7 | D63: 0.78 | E63: =D63*0.825 -> 0.6435 | F63: =26/E63 -> 40.40404 | G63: 220 | H63: =G63/29 -> 7.5862069 | I63: =19/64 -> 0.296875 | P63: No | S63: 0.125 | T63: -2
C64: 1914 X7 | D64: 0.66 | E64: =D64*0.825 -> 0.5445 | F64: =26/E64 -> 47.75023 | G64: 269 | H64: =G64/29 -> 9.2758621 | I64: =19/64 -> 0.296875 | S64: =S63+(S65-S63)/2 -> 0.1355 | T64: -2.5
C65: 2012 X7 | D65: 0.685 | E65: =D65*0.825 -> 0.565125 | F65: =26/E65 -> 46.00752 | G65: 233 | H65: =G65/29 -> 8.0344828 | I65: =20/64 -> 0.3125 | S65: 0.146 | T65: -3
C66: 2014 X7 | D66: 0.58 | E66: =D66*0.825 -> 0.4785 | F66: =26/E66 -> 54.336468 | G66: 278 | H66: =G66/29 -> 9.5862069 | I66: =20/64 -> 0.3125 | S66: =S65+(S67-S65)/2 -> 0.1565 | T66: -3.5
C67: 2112 X7 | D67: 0.59 | E67: =D67*0.825 -> 0.48675 | F67: =26/E67 -> 53.415511 | G67: 244 | H67: =G67/29 -> 8.4137931 | I67: =21/64 -> 0.328125 | S67: 0.167 | T67: -4
C68: 2114 X7 | D68: 0.5 | E68: =D68*0.825 -> 0.4125 | F68: =26/E68 -> 63.030303 | G68: 289 | H68: =G68/29 -> 9.9655172 | I68: =21/64 -> 0.328125 | S68: =S67+(S69-S67)/2 -> 0.17725 | T68: -4.5
C69: 2212 X7 | D69: 0.515 | E69: =D69*0.825 -> 0.424875 | F69: =26/E69 -> 61.194469 | G69: 257 | H69: =G69/29 -> 8.862069 | I69: =22/64 -> 0.34375 | S69: 0.1875 | T69: -5
C70: 2214 X7 | D70: 0.43 | E70: =D70*0.825 -> 0.35475 | F70: =26/E70 -> 73.29105 | G70: 302 | H70: =G70/29 -> 10.413793 | I70: =22/64 -> 0.34375 | S70: =S69+(S71-S69)/2 -> 0.194 | T70: -5.5
C71: 2312 X7 | D71: 0.425 | E71: =D71*0.825 -> 0.350625 | F71: =26/E71 -> 74.153298 | G71: 275 | H71: =G71/29 -> 9.4827586 | I71: =23/64 -> 0.359375 | S71: 0.2005 | T71: -6
C72: 2412 X7 | D72: 0.385 | E72: =D72*0.825 -> 0.317625 | F72: =26/E72 -> 81.857536 | G72: 280 | H72: =G72/29 -> 9.6551724 | I72: =24/64 -> 0.375 | S72: =S71+(S73-S71)/2 -> 0.20675 | T72: -6.5
C73: 2512 X7 | D73: 0.325 | E73: =D73*0.825 -> 0.268125 | F73: =26/E73 -> 96.969697 | G73: 298 | H73: =G73/29 -> 10.275862 | I73: =25/64 -> 0.390625 | S73: 0.213 | T73: -7
C74: 3Rivers Trad Only 300 | D74: 0.3 | E74: =D74*0.825 -> 0.2475 | F74: =26/E74 -> 105.05051 | G74: =H74*29 -> 292.9 | H74: 10.1 | I74: =5/16 -> 0.3125 | S74: =S73+(S75-S73)/2 -> 0.21925 | T74: -7.5
C75: 3Rivers Trad Only 340 | D75: 0.34 | E75: =D75*0.825 -> 0.2805 | F75: =26/E75 -> 92.691622 | G75: =H75*29 -> 290 | H75: 10 | I75: =5/16 -> 0.3125 | S75: 0.2255 | T75: -8
C76: 3Rivers Trad Only 400 | D76: 0.4 | E76: =D76*0.825 -> 0.33 | F76: =26/E76 -> 78.787879 | G76: =H76*29 -> 263.9 | H76: 9.1 | I76: =5/16 -> 0.3125 | S76: =S75+(S77-S75)/2 -> 0.23175 | T76: -8.5
C77: 3Rivers Trad Only 500 | D77: 0.5 | E77: =D77*0.825 -> 0.4125 | F77: =26/E77 -> 63.030303 | G77: =H77*29 -> 232 | H77: 8 | I77: =5/16 -> 0.3125 | S77: 0.238 | T77: -9
C78: 3Rivers Trad Only 600 | D78: 0.6 | E78: =D78*0.825 -> 0.495 | F78: =26/E78 -> 52.525253 | G78: =H78*29 -> 203 | H78: 7 | I78: 0.295 | S78: =S77+(S79-S77)/2 -> 0.244 | T78: -9.5
C79: B.H. Vapor 2000 | D79: 0.479 | E79: =D79*0.825 -> 0.395175 | F79: =26/E79 -> 65.793636 | G79: =6.2*29 -> 179.8 | H79: 6.2 | I79: 0.285 | S79: 0.25 | T79: -10
C80: B.H. Vapor 3000 | D80: 0.39 | E80: =D80*0.825 -> 0.32175 | F80: =26/E80 -> 80.808081 | G80: =7.9*29 -> 229.1 | H80: 7.9 | I80: 0.298 | S80: =S79+(S81-S79)/2 -> 0.266 | T80: -10.5
C81: Bullseye Premium 100 | D81: 0.524 | E81: =D81*0.825 -> 0.4323 | F81: =26/E81 -> 60.143419 | G81: =H81*29 -> 191.4 | H81: 6.6 | I81: =5/16 -> 0.3125 | S81: 0.282 | T81: -11
C82: Bullseye Premium 200 | D82: 0.42 | E82: =D82*0.825 -> 0.3465 | F82: =26/E82 -> 75.036075 | G82: =H82*29 -> 217.5 | H82: 7.5 | I82: =5/16 -> 0.3125 | S82: =S81+(S83-S81)/2 -> 0.29725 | T82: -11.5
C83: Bullseye Premium 300 | D83: 0.359 | E83: =D83*0.825 -> 0.296175 | F83: =26/E83 -> 87.785937 | G83: =H83*29 -> 249.4 | H83: 8.6 | I83: =5/16 -> 0.3125 | S83: =5/16 -> 0.3125 | T83: -12
C84: Bullseye Premium 400 | D84: 0.32 | E84: =D84*0.825 -> 0.264 | F84: =26/E84 -> 98.484848 | G84: =H84*29 -> 266.8 | H84: 9.2 | I84: =5/16 -> 0.3125 | S84: =S83+(S85-S83)/2 -> 0.32875 | T84: -12.5
C85: Carbon Tech Rhino 35/60 | D85: 0.47 | E85: =D85*0.825 -> 0.38775 | F85: =26/E85 -> 67.053514 | G85: =H85*29 -> 275.5 | H85: 9.5 | I85: 0.3 | S85: 0.345 | T85: -13
C86: Carbon Tech Rhino 45/70 | D86: 0.4 | E86: =D86*0.825 -> 0.33 | F86: =26/E86 -> 78.787879 | G86: =H86*29 -> 290 | H86: 10 | I86: 0.303 | S86: =S85+(S87-S85)/2 -> 0.36 | T86: -13.5
C87: Carbon Tech Rhino 55/80 | D87: 0.3 | E87: =D87*0.825 -> 0.2475 | F87: =26/E87 -> 105.05051 | G87: =H87*29 -> 333.5 | H87: 11.5 | I87: 0.31 | S87: 0.375 | T87: -14
C88: Carbon Tech Safari | D88: 0.2 | E88: =D88*0.825 -> 0.165 | F88: =26/E88 -> 157.57576 | G88: =H88*29 -> 449.5 | H88: 15.5 | I88: 0.325 | S88: =S87+(S89-S87)/2 -> 0.3905 | T88: -14.5
C89: Carbon Tech Whitetail 25/45 | D89: 0.65 | E89: =D89*0.825 -> 0.53625 | F89: =26/E89 -> 48.484848 | G89: =H89*29 -> 171.1 | H89: 5.9 | I89: 0.28 | S89: 0.406 | T89: -15
C90: Carbon Tech Whitetail 35/55 | D90: 0.5 | E90: =D90*0.825 -> 0.4125 | F90: =26/E90 -> 63.030303 | G90: =H90*29 -> 200.1 | H90: 6.9 | I90: 0.285 | S90: =S89+(S91-S89)/2 -> 0.42175 | T90: -15.5
C91: Carbon Tech Whitetail 40/65 | D91: 0.4 | E91: =D91*0.825 -> 0.33 | F91: =26/E91 -> 78.787879 | G91: =H91*29 -> 229.1 | H91: 7.9 | I91: 0.292 | S91: =7/16 -> 0.4375 | T91: -16
C92: Carbon Tech Whitetail 65/80 | D92: 0.33 | E92: =D92*0.825 -> 0.27225 | F92: =26/E92 -> 95.500459 | G92: =H92*29 -> 275.5 | H92: 9.5 | I92: 0.302 | S92: =S91+(S93-S91)/2 -> 0.45375 | T92: -16.5
C93: CE Heritage 075 | D93: 0.608 | E93: =D93*0.825 -> 0.5016 | F93: =26/E93 -> 51.834131 | G93: =8.8*29 -> 255.2 | H93: =G93/29 -> 8.8 | I93: =9/32 -> 0.28125 | S93: 0.47 | T93: -17
C94: CE Heritage 090 | D94: 0.53 | E94: =D94*0.825 -> 0.43725 | F94: =26/E94 -> 59.46255 | G94: =9.4*29 -> 272.6 | H94: =G94/29 -> 9.4 | I94: 0.291 | S94: =S93+(S95-S93)/2 -> 0.485 | T94: -17.5
C95: CE Heritage 150 | D95: 0.487 | E95: =D95*0.825 -> 0.401775 | F95: =26/E95 -> 64.712837 | G95: =10*29 -> 290 | H95: =G95/29 -> 10 | I95: 0.3 | S95: 0.5 | T95: -18
C96: CE Heritage 250 | D96: 0.373 | E96: =D96*0.825 -> 0.307725 | F96: =26/E96 -> 84.491023 | G96: =11*29 -> 319 | H96: =G96/29 -> 11 | I96: 0.305 | S96: =S95+(S97-S95)/2 -> 0.516 | T96: -18.5
C97: CE Heritage 350 | D97: 0.32 | E97: =D97*0.825 -> 0.264 | F97: =26/E97 -> 98.484848 | G97: =12*29 -> 348 | H97: =G97/29 -> 12 | I97: 0.309 | S97: 0.532 | T97: -19
C98: CE Predator II 2040 | D98: 0.598 | E98: =D98*0.825 -> 0.49335 | F98: =26/E98 -> 52.700922 | G98: =H98*29 -> 223.3 | H98: 7.7 | I98: 0.28 | S98: =S97+(S99-S97)/2 -> 0.54725 | T98: -19.5
C99: CE Predator II 3050 | D99: 0.505 | E99: =D99*0.825 -> 0.416625 | F99: =26/E99 -> 62.406241 | G99: =H99*29 -> 240.7 | H99: 8.3 | I99: 0.283 | S99: =9/16 -> 0.5625 | T99: -20
C100: CE Predator II 4560 | D100: 0.397 | E100: =D100*0.825 -> 0.327525 | F100: =26/E100 -> 79.383253 | G100: =H100*29 -> 258.1 | H100: 8.9 | I100: 0.293 | S100: =S99+(S101-S99)/2 -> 0.59375 | T100: -20.5
C101: CE Predator II 6075 | D101: 0.336 | E101: =D101*0.825 -> 0.2772 | F101: =26/E101 -> 93.795094 | G101: =H101*29 -> 284.2 | H101: 9.8 | I101: 0.298 | S101: 0.625 | T101: -21
C102: CE Predator II 700 | D102: 0.7 | E102: =D102*0.825 -> 0.5775 | F102: =26/E102 -> 45.021645 | G102: =H102*29 -> 217.5 | H102: 7.5 | I102: 0.254 | S102: =S101+(S103-S101)/2 -> 0.6458 | T102: -21.5
C103: CE Predator II 800 | D103: 0.8 | E103: =D103*0.825 -> 0.66 | F103: =26/E103 -> 39.393939 | G103: =H103*29 -> 182.7 | H103: 6.3 | I103: 0.25 | S103: 0.6666 | T103: -22
C104: CE Rebel 4560 | D104: 0.412 | E104: =D104*0.825 -> 0.3399 | F104: =26/E104 -> 76.493086 | G104: =H104*29 -> 287.1 | H104: 9.9 | I104: 0.298 | S104: =S103+(S105-S103)/2 -> 0.6874 | T104: -22.5
C105: CE Rebel 6075 | D105: 0.362 | E105: =D105*0.825 -> 0.29865 | F105: =26/E105 -> 87.05843 | G105: =H105*29 -> 307.4 | H105: 10.6 | I105: 0.301 | S105: 0.7082 | T105: -23
C106: CE T.Hunter 4560 | D106: 0.412 | E106: =D106*0.825 -> 0.3399 | F106: =26/E106 -> 76.493086 | G106: =H106*29 -> 310.3 | H106: 10.7 | I106: 0.305 | S106: =S105+(S107-S105)/2 -> 0.7291 | T106: -23.5
C107: CE T.Hunter 6075 | D107: 0.362 | E107: =D107*0.825 -> 0.29865 | F107: =26/E107 -> 87.05843 | G107: =H107*29 -> 327.7 | H107: 11.3 | I107: 0.308 | S107: 0.75 | T107: -24
...

Sheet Data Library
A1: Arrow Details | V1: Bow Details | AE1: 2 x 3" Feathers | AF1: =1.6*2 -> 3.2
F2: AMO Deflection | G2: AMO Static Spine | H2: Physical Detail | P2: Dynamic Spine | S2: Fletching | W2: Weight @ Rated Draw | X2: String Material & Strand Count | Y2: Bow Center Cut | Z2: Strike Plate Thickness | AA2: Strike Position Faction - OR - Decimal | AC2: Brace Height | AD2: Dynamic Spine Req. | AE2: 2 x 4" Feathers | AF2: =2.3*2 -> 4.6
A3: # | B3: Date | C3: Make / Type | D3: Dia. | E3: Material | G3: Static Spine | H3: Length | I3: Footing | J3: Point | K3: Insert | L3: Nock | M3: FOC % | N3: Shaft GPI | O3: Total Wt. | Q3: Crown | R3: Crest | S3: Type | T3: Wing | U3: Color (hen / cock) | V3: Make / Type | AE3: 2 x 5" Feathers | AF3: =3.2*2 -> 6.4
A4: Select HERE to read note. | C4: ='Dynamic Spine Calculator'!C5 -> 1916 | D4: =VLOOKUP(C4,'Dynamic Spine Calculator'!C23:I200,7,FALSE) -> 0.296875 | F4: =VLOOKUP(C4,'Dynamic Spine Calculator'!C23:I200,3,FALSE) -> 0.5115 | G4: =VLOOKUP(C4,'Dynamic Spine Calculator'!C23:I200,4,FALSE) -> 50.83089 | H4: ='Dynamic Spine Calculator'!D5 -> 30 | I4: ='Dynamic Spine Calculator'!G5 -> No | J4: ='Dynamic Spine Calculator'!E5 -> 90 | K4: ='Dynamic Spine Calculator'!F5 -> 16 | L4: ='Dynamic Spine Calculator'!H5 -> 15.5 | M4: ='Dynamic Spine Calculator'!N5 -> 8.5349494 | N4: =VLOOKUP('Data Library'!C4,'Dynamic Spine Calculator'!C23:I200,6,FALSE) -> 10.034483 | O4: ='Dynamic Spine Calculator'!L5 -> 440.83448 | P4: ='Dynamic Spine Calculator'!J5 -> 54.040928 | S4: ='Dynamic Spine Calculator'!I5 -> Other | V4: ='Dynamic Spine Calculator'!C13 -> *Generic Recurve | W4: ='Dynamic Spine Calculator'!D13 -> 38 | X4: ='Dynamic Spine Calculator'!H13 -> FastFlight 16 strand | Y4: =VLOOKUP(V4,'Dynamic Spine Calculator'!C203:F307,3,FALSE) -> N/A | Z4: =IF(Y4="N/A","N/A",AB4-Y4) -> N/A | AA4: =VLOOKUP(V4,'Dynamic Spine Calculator'!C203:F307,4,FALSE) -> -0.0625 | AB4: =VLOOKUP(V4,'Dynamic Spine Calculator'!C203:F307,4,FALSE) -> -0.0625 | AD4: ='Dynamic Spine Calculator'!I13 -> 50.508 | AE4: 3 x 3" Feathers | AF4: =1.6*3 -> 4.8
A5: 1 | B5: 42688 | C5: 1916 | D5: 0.296875 | F5: 0.5115 | G5: 50.83089 | H5: 30 | I5: No | J5: 75 | K5: 0 | L5: 15.5 | M5: 3.876111 | N5: 10.034483 | O5: 423.53448 | P5: 67.678412 | S5: Generic Vanes | V5: *Generic Recurve | W5: 28 | X5: FastFlight 16 strand | Y5: N/A | Z5: N/A | AA5: -0.125 | AB5: -0.125 | AD5: 44.848 | AE5: 3 x 4" Feathers | AF5: =2.3*3 -> 6.9
A6: 2 | B6: 42688 | C6: Easton Carbon One 660 | D6: 0.23 | F6: 0.5445 | G6: 47.75023 | H6: 30 | I6: No | J6: 100 | K6: 0 | L6: 15.5 | M6: 8.3695128 | N6: 6.6 | O6: 345.5 | P6: 55.30992 | S6: Generic Vanes | V6: *Generic Recurve | W6: 36 | X6: FastFlight 16 strand | Y6: N/A | Z6: N/A | AA6: -0.125 | AB6: -0.125 | AD6: 53.376 | AE6: 3 x 5" Feathers | AF6: =3.2*3 -> 9.6
A7: 3 | AE7: 4 x 3" Feathers | AF7: =1.6*4 -> 6.4
A8: 4 | AE8: 4 x 4" Feathers | AF8: =2.3*4 -> 9.2
A9: 5 | AE9: 4 x 5" Feathers | AF9: =3.2*4 -> 12.8
A10: 6 | AE10: Bare Shaft | AF10: 0
A11: 7 | AE11: Generic Vanes | AF11: 32
A12: 8
A13: 9
A14: 10
A15: 11
A16: 12
A17: 13
A18: 14
A19: 15
A20: 16
A21: 17
A22: 18
A23: 19
... A106: 100
